{"cameraMode":{"drawMode":0,"name":"Shaded","section":"Shading Mode"},"sceneLighting":true,"audioPlay":false,"sceneViewState":{"showFog":true,"showMaterialUpdate":false,"showSkybox":true,"showFlares":true,"showImageEffects":true,"showParticleSystems":true},"in2DMode":false,"pivot":{"x":4.394525051116943,"y":1.9806740283966065,"z":-0.6641838550567627},"rotation":{"x":0.02420901134610176,"y":0.9037463068962097,"z":-0.05156957730650902,"w":0.4242607653141022},"size":2.499847173690796,"orthographic":false}